User Input,Chatbot Response,Timestamp
cyber security,"Great! Here are the topics I can help you with: SEO, Facial Recognition, Blockchain, Machine Learning, Augmented Reality, Deep Learning, Big Data, Mobile SEO, E-commerce SEO, Local SEO, Biometric Authentication, AR in Retail, Voice Search SEO, A/B Testing, Influencer Marketing, Data Integration in Big Data, Cloud Computing, IoT, Visual Recognition, Edge Computing, and Predictive Analytics. Which one would you like to learn more about?",2025-03-14 02:28:49
hello,Good day! What can I do for you today?,2025-03-14 02:29:10
pricing,"For a custom quote, please share more about your project scope, and we'll get back to you with a detailed pricing structure.",2025-03-14 02:29:21
whatsup,"Sorry, I couldn't understand that. Can you rephrase?",2025-03-14 13:12:53
AI,"Sorry, I couldn't understand that. Can you rephrase?",2025-03-14 15:46:22
Artificial intelligence,"Sorry, I couldn't understand that. Can you rephrase?",2025-03-14 15:46:39
Artificial intelligence,"Sorry, I couldn't understand that. Can you rephrase?",2025-03-14 15:47:05
Artificial intelligence,"Sorry, I couldn't understand that. Can you rephrase?",2025-03-14 15:47:32
Artificial intelligence,"Sorry, I couldn't understand that. Can you rephrase?",2025-03-14 15:55:47
Artificial intelligence,"Sorry, I couldn't understand that. Can you rephrase?",2025-03-14 15:59:48
Artificial intelligence,"Sorry, I couldn't understand that. Can you rephrase?",2025-03-14 16:14:01
pricing,"Sorry, I couldn't understand that. Can you rephrase?",2025-03-14 16:14:11
pricing,"Sorry, I couldn't understand that. Can you rephrase?",2025-03-14 16:16:19
Artificial intelligence,"Sorry, I couldn't understand that. Can you rephrase?",2025-03-14 16:41:32
hi,"Sorry, I couldn't understand that. Can you rephrase?",2025-03-14 16:49:29
hi,"Sorry, I couldn't understand that. Can you rephrase?",2025-03-14 16:56:00
hi,Hi! How can I help you today?,2025-03-14 17:04:56
Artificial intelligence,"Let me know what topic you're most interested in from the list I provided, and I'll provide detailed information!",2025-03-14 17:05:08
Artificial intelligence,"Let me know what topic you're most interested in from the list I provided, and I'll provide detailed information!",2025-03-14 17:05:16
ai,"AI enhances customer experience by providing real-time personalized recommendations, improving chatbots and customer service, and anticipating customer needs.",2025-03-14 17:05:25
pricing,"Our pricing is structured based on the number of hours, complexity of the work, and any custom requirements. Let's chat to finalize your needs.",14-03-25 17:11:23
pricing,"To give you an accurate quote, we'll need to understand the specifics of your project. Let's discuss it further.",14-03-25 17:11:37
pricing,"To give you an accurate quote, we'll need to understand the specifics of your project. Let's discuss it further.",14-03-25 17:27:07
cyber,"Let me know what topic you're most interested in from the list I provided, and I'll provide detailed information!",14-03-25 17:46:59
cybersecurity,"Yes, cybersecurity helps protect business data by securing communication channels, enforcing data encryption, and ensuring that sensitive information is not exposed to unauthorized parties.",14-03-25 17:47:12
hy,"Great! Here are the topics I can help you with: SEO, Facial Recognition, Blockchain, Machine Learning, Augmented Reality, Deep Learning, Big Data, Mobile SEO, E-commerce SEO, Local SEO, Biometric Authentication, AR in Retail, Voice Search SEO, A/B Testing, Influencer Marketing, Data Integration in Big Data, Cloud Computing, IoT, Visual Recognition, Edge Computing, and Predictive Analytics. Which one would you like to learn more about?",14-03-25 18:19:21
hi,Good day! What can I do for you today?,14-03-25 18:19:34
ml,"ML improves curriculum development by analyzing student feedback, performance data, and industry trends to create more effective and up-to-date educational content.",14-03-25 18:21:49
hello,Hi there! How can I help you?,14-03-25 18:30:29
ai,"Yes, AI helps with customer segmentation by analyzing behavioral data to group customers based on their preferences, needs, and purchase patterns.",14-03-25 18:36:57
